model,query_id,P@10,R@10,F1@10,AP,RR,NDCG@10,num_relevant
VSM,1,0.400000,0.142857,0.210526,0.169013,0.333333,0.227722,28.000000
VSM,2,0.400000,0.166667,0.235294,0.253338,1.000000,0.663997,24.000000
VSM,3,0.700000,0.875000,0.777778,0.633000,0.500000,0.735860,8.000000
VSM,4,0.100000,0.500000,0.166667,0.540000,1.000000,0.613147,2.000000
VSM,5,0.300000,0.750000,0.428571,0.284821,0.250000,0.453210,4.000000
VSM,6,0.100000,0.250000,0.142857,0.087258,0.250000,0.110573,4.000000
VSM,7,0.200000,0.400000,0.266667,0.136124,0.250000,0.195553,5.000000
VSM,8,0.100000,0.090909,0.095238,0.101149,0.125000,0.096547,11.000000
VSM,9,0.300000,1.000000,0.461538,0.700000,1.000000,0.852928,3.000000
VSM,10,0.300000,0.375000,0.333333,0.185886,0.500000,0.277470,8.000000
VSM,11,0.100000,0.142857,0.117647,0.117227,0.250000,0.049157,7.000000
VSM,12,0.200000,0.400000,0.266667,0.324427,1.000000,0.502686,5.000000
VSM,13,0.000000,0.000000,0.000000,0.007837,0.004808,0.000000,4.000000
VSM,14,0.200000,1.000000,0.333333,0.750000,1.000000,0.987189,2.000000
VSM,15,0.200000,1.000000,0.333333,0.625000,1.000000,0.457708,2.000000
VSM,16,0.100000,0.333333,0.153846,0.177815,0.500000,0.182125,3.000000
VSM,17,0.100000,0.500000,0.166667,0.513158,1.000000,0.787155,2.000000
VSM,18,0.100000,0.333333,0.153846,0.128412,0.333333,0.234639,3.000000
VSM,19,0.100000,0.111111,0.105263,0.031449,0.100000,0.100899,9.000000
VSM,20,0.500000,0.555556,0.526316,0.495882,0.500000,0.485748,9.000000
VSM,21,0.100000,0.250000,0.142857,0.097197,0.166667,0.102999,4.000000
VSM,22,0.000000,0.000000,0.000000,0.001647,0.001647,0.000000,1.000000
VSM,23,0.400000,0.125000,0.190476,0.221358,0.500000,0.344358,32.000000
VSM,24,0.200000,0.666667,0.307692,0.251156,0.333333,0.480623,3.000000
VSM,25,0.500000,0.555556,0.526316,0.625719,1.000000,0.606639,9.000000
VSM,26,0.200000,0.333333,0.250000,0.119961,0.166667,0.267525,6.000000
VSM,27,0.100000,0.333333,0.153846,0.129713,0.200000,0.260562,3.000000
VSM,28,0.000000,0.000000,0.000000,0.004950,0.004329,0.000000,2.000000
VSM,29,0.500000,0.555556,0.526316,0.540401,1.000000,0.565599,9.000000
VSM,30,0.100000,0.142857,0.117647,0.109228,0.333333,0.186457,7.000000
VSM,31,0.000000,0.000000,0.000000,0.000999,0.000999,0.000000,1.000000
VSM,32,0.100000,0.166667,0.125000,0.078158,0.250000,0.034654,6.000000
VSM,33,0.300000,1.000000,0.461538,0.337302,0.250000,0.499553,3.000000
VSM,34,0.100000,0.166667,0.125000,0.165099,0.142857,0.045633,6.000000
VSM,35,0.000000,0.000000,0.000000,0.029071,0.045455,0.000000,3.000000
VSM,36,0.100000,0.500000,0.166667,0.064405,0.125000,0.106423,2.000000
VSM,37,0.200000,0.222222,0.210526,0.081474,0.142857,0.098671,9.000000
VSM,38,0.000000,0.000000,0.000000,0.037061,0.055556,0.000000,10.000000
VSM,39,0.200000,0.153846,0.173913,0.145616,0.500000,0.202593,13.000000
VSM,40,0.100000,0.083333,0.090909,0.053603,0.142857,0.035483,12.000000
VSM,41,0.300000,1.000000,0.461538,0.777778,1.000000,0.855815,3.000000
VSM,42,0.200000,0.400000,0.266667,0.136527,0.125000,0.150235,5.000000
VSM,43,0.400000,0.666667,0.500000,0.520449,1.000000,0.774284,6.000000
VSM,44,0.000000,0.000000,0.000000,0.002488,0.001355,0.000000,3.000000
VSM,45,0.200000,0.166667,0.181818,0.213543,1.000000,0.496901,12.000000
VSM,46,0.400000,0.266667,0.320000,0.296019,1.000000,0.508490,15.000000
VSM,47,0.400000,0.285714,0.333333,0.319216,0.250000,0.308761,14.000000
VSM,48,0.300000,0.272727,0.285714,0.184251,0.500000,0.413121,11.000000
VSM,49,0.100000,0.500000,0.166667,0.290000,0.500000,0.521296,2.000000
VSM,50,0.100000,0.166667,0.125000,0.068063,0.333333,0.267375,6.000000
VSM,51,0.300000,0.300000,0.300000,0.358307,1.000000,0.239418,10.000000
VSM,52,0.400000,1.000000,0.571429,0.604167,0.500000,0.609488,4.000000
VSM,53,0.200000,0.200000,0.200000,0.296190,1.000000,0.192174,10.000000
VSM,54,0.200000,0.222222,0.210526,0.110179,0.333333,0.283513,9.000000
VSM,55,0.200000,0.200000,0.200000,0.120210,0.250000,0.128834,10.000000
VSM,56,0.200000,0.200000,0.200000,0.099657,0.200000,0.108302,10.000000
VSM,57,0.000000,0.000000,0.000000,0.067507,0.083333,0.000000,14.000000
VSM,58,0.000000,0.000000,0.000000,0.112092,0.090909,0.000000,9.000000
VSM,59,0.100000,0.250000,0.142857,0.110008,0.250000,0.110573,4.000000
VSM,60,0.300000,0.600000,0.400000,0.570068,1.000000,0.419217,5.000000
VSM,61,0.300000,0.600000,0.400000,0.465263,1.000000,0.583983,5.000000
VSM,62,0.000000,0.000000,0.000000,0.023910,0.045455,0.000000,5.000000
VSM,63,0.000000,0.000000,0.000000,0.029871,0.021739,0.000000,3.000000
VSM,64,0.200000,1.000000,0.333333,0.625000,1.000000,0.886269,2.000000
VSM,65,0.500000,0.333333,0.400000,0.377865,1.000000,0.551364,15.000000
VSM,66,0.200000,0.400000,0.266667,0.125072,0.200000,0.328016,5.000000
VSM,67,0.600000,0.428571,0.500000,0.538572,1.000000,0.622308,14.000000
VSM,68,0.100000,0.200000,0.133333,0.066235,0.111111,0.164044,5.000000
VSM,69,0.000000,0.000000,0.000000,0.017802,0.020833,0.000000,5.000000
VSM,70,0.000000,0.000000,0.000000,0.041352,0.024390,0.000000,10.000000
VSM,71,0.000000,0.000000,0.000000,0.036007,0.047619,0.000000,8.000000
VSM,72,0.200000,0.117647,0.148148,0.116861,0.333333,0.228473,17.000000
VSM,73,0.500000,0.250000,0.333333,0.346144,1.000000,0.661714,20.000000
VSM,74,0.000000,0.000000,0.000000,0.075878,0.058824,0.000000,6.000000
VSM,75,0.100000,0.200000,0.133333,0.065367,0.250000,0.100583,5.000000
VSM,76,0.100000,0.142857,0.117647,0.182593,1.000000,0.172041,7.000000
VSM,77,0.300000,0.500000,0.375000,0.341578,0.500000,0.160013,6.000000
VSM,78,0.300000,1.000000,0.461538,0.588889,0.500000,0.587018,3.000000
VSM,79,0.000000,0.000000,0.000000,0.058784,0.071429,0.000000,5.000000
VSM,80,0.000000,0.000000,0.000000,0.013460,0.011905,0.000000,4.000000
VSM,81,0.200000,1.000000,0.333333,0.266667,0.333333,0.498311,2.000000
VSM,82,0.200000,0.400000,0.266667,0.424351,1.000000,0.482560,5.000000
VSM,83,0.100000,0.250000,0.142857,0.106740,0.333333,0.195190,4.000000
VSM,84,0.300000,0.272727,0.285714,0.288386,1.000000,0.197271,11.000000
VSM,85,0.100000,0.250000,0.142857,0.261268,1.000000,0.135083,4.000000
VSM,86,0.200000,1.000000,0.333333,0.375000,0.500000,0.580279,2.000000
VSM,87,0.000000,0.000000,0.000000,0.011019,0.012195,0.000000,8.000000
VSM,88,0.600000,1.000000,0.750000,0.841667,1.000000,0.811624,6.000000
VSM,89,0.100000,0.166667,0.125000,0.132004,0.250000,0.213959,6.000000
VSM,90,0.200000,0.153846,0.173913,0.153943,0.333333,0.058763,13.000000
VSM,91,0.200000,0.222222,0.210526,0.181428,0.250000,0.230897,9.000000
VSM,92,0.700000,0.538462,0.608696,0.601431,1.000000,0.321270,13.000000
VSM,93,0.100000,1.000000,0.181818,0.500000,0.500000,0.630930,1.000000
VSM,94,0.500000,0.416667,0.454545,0.516417,1.000000,0.316971,12.000000
VSM,95,0.100000,0.500000,0.166667,0.187500,0.250000,0.027553,2.000000
VSM,96,0.500000,0.384615,0.434783,0.327183,0.500000,0.250323,13.000000
VSM,97,0.300000,0.300000,0.300000,0.194071,0.333333,0.236221,10.000000
VSM,98,0.000000,0.000000,0.000000,0.017214,0.018519,0.000000,5.000000
VSM,99,0.200000,0.500000,0.285714,0.231390,0.500000,0.459141,4.000000
VSM,100,0.300000,0.333333,0.315789,0.184020,0.250000,0.286394,9.000000
VSM,101,0.500000,0.833333,0.625000,0.602646,1.000000,0.749541,6.000000
VSM,102,0.200000,0.500000,0.285714,0.453459,1.000000,0.491868,4.000000
VSM,103,0.000000,0.000000,0.000000,0.036734,0.071429,0.000000,2.000000
VSM,104,0.200000,0.400000,0.266667,0.175371,0.250000,0.277273,5.000000
VSM,105,0.300000,0.600000,0.400000,0.465528,1.000000,0.779274,5.000000
VSM,106,0.200000,0.400000,0.266667,0.261543,0.500000,0.422109,5.000000
VSM,107,0.300000,0.428571,0.352941,0.317130,0.500000,0.342296,7.000000
VSM,108,0.600000,0.857143,0.705882,0.820068,1.000000,0.777944,7.000000
VSM,109,0.000000,0.000000,0.000000,0.028329,0.019231,0.000000,5.000000
VSM,110,0.100000,0.250000,0.142857,0.275107,1.000000,0.568298,4.000000
VSM,111,0.400000,0.571429,0.470588,0.321231,0.250000,0.375127,7.000000
VSM,112,0.100000,0.500000,0.166667,0.183333,0.333333,0.137706,2.000000
VSM,113,0.200000,0.500000,0.285714,0.513820,1.000000,0.636682,4.000000
VSM,114,0.100000,0.250000,0.142857,0.101072,0.333333,0.337708,4.000000
VSM,115,0.000000,0.000000,0.000000,0.011930,0.025641,0.000000,4.000000
VSM,116,0.100000,0.200000,0.133333,0.045203,0.125000,0.047151,5.000000
VSM,117,0.000000,0.000000,0.000000,0.030146,0.023256,0.000000,2.000000
VSM,118,0.100000,0.333333,0.153846,0.126781,0.111111,0.202757,3.000000
VSM,119,0.100000,1.000000,0.181818,1.000000,1.000000,1.000000,1.000000
VSM,120,0.500000,0.555556,0.526316,0.443225,0.500000,0.549517,9.000000
VSM,121,0.400000,0.571429,0.470588,0.631498,1.000000,0.553469,7.000000
VSM,122,0.400000,0.444444,0.421053,0.312673,0.333333,0.216931,9.000000
VSM,123,0.000000,0.000000,0.000000,0.064394,0.083333,0.000000,2.000000
VSM,124,0.000000,0.000000,0.000000,0.003868,0.004255,0.000000,4.000000
VSM,125,0.400000,0.235294,0.296296,0.202469,0.333333,0.337301,17.000000
VSM,126,0.200000,0.250000,0.222222,0.163169,0.500000,0.430617,8.000000
VSM,127,0.100000,0.200000,0.133333,0.063373,0.250000,0.094075,5.000000
VSM,128,0.000000,0.000000,0.000000,0.011984,0.018519,0.000000,2.000000
VSM,129,0.500000,0.714286,0.588235,0.488163,0.500000,0.599956,7.000000
VSM,130,0.300000,0.600000,0.400000,0.340000,0.500000,0.431813,5.000000
VSM,131,0.100000,0.125000,0.111111,0.272837,0.125000,0.017769,8.000000
VSM,132,0.700000,0.466667,0.560000,0.686359,0.500000,0.523069,15.000000
VSM,133,0.100000,0.142857,0.117647,0.225486,0.142857,0.197746,7.000000
VSM,134,0.100000,0.500000,0.166667,0.280303,0.500000,0.212845,2.000000
VSM,135,0.400000,0.500000,0.444444,0.540412,1.000000,0.349121,8.000000
VSM,136,0.100000,0.333333,0.153846,0.392361,1.000000,0.929891,3.000000
VSM,137,0.200000,0.500000,0.285714,0.210584,0.250000,0.209895,4.000000
VSM,138,0.100000,0.500000,0.166667,0.120000,0.200000,0.237198,2.000000
VSM,139,0.000000,0.000000,0.000000,0.010299,0.012346,0.000000,4.000000
VSM,140,0.200000,0.333333,0.250000,0.144350,0.500000,0.440688,6.000000
VSM,141,0.200000,0.333333,0.250000,0.172190,0.500000,0.275491,6.000000
VSM,142,0.100000,1.000000,0.181818,0.125000,0.125000,0.315465,1.000000
VSM,143,0.100000,0.500000,0.166667,0.340909,0.500000,0.386853,2.000000
VSM,144,0.400000,0.666667,0.500000,0.564153,1.000000,0.754551,6.000000
VSM,145,0.400000,0.571429,0.470588,0.467242,1.000000,0.585944,7.000000
VSM,146,0.200000,1.000000,0.333333,0.750000,1.000000,0.560011,2.000000
VSM,147,0.200000,0.200000,0.200000,0.275362,1.000000,0.335234,10.000000
VSM,148,0.300000,0.500000,0.375000,0.450060,1.000000,0.677152,6.000000
VSM,149,0.300000,0.272727,0.285714,0.329883,1.000000,0.378501,11.000000
VSM,150,0.200000,1.000000,0.333333,0.833333,1.000000,0.919721,2.000000
VSM,151,0.000000,0.000000,0.000000,0.032786,0.033333,0.000000,5.000000
VSM,152,0.000000,0.000000,0.000000,0.025260,0.090909,0.000000,6.000000
VSM,153,0.400000,0.571429,0.470588,0.268099,0.333333,0.356489,7.000000
VSM,154,0.200000,1.000000,0.333333,0.416667,0.500000,0.493236,2.000000
VSM,155,0.300000,0.500000,0.375000,0.381891,1.000000,0.219511,6.000000
VSM,156,0.600000,0.428571,0.500000,0.495128,1.000000,0.326500,14.000000
VSM,157,0.600000,0.153846,0.244898,0.333957,0.500000,0.246604,39.000000
VSM,158,0.300000,0.375000,0.333333,0.318910,1.000000,0.716098,8.000000
VSM,159,0.100000,0.125000,0.111111,0.079963,0.250000,0.040773,8.000000
VSM,160,0.100000,0.200000,0.133333,0.125663,0.500000,0.262511,5.000000
VSM,161,0.300000,0.500000,0.375000,0.522850,1.000000,0.744464,6.000000
VSM,162,0.200000,0.250000,0.222222,0.170508,0.500000,0.117680,8.000000
VSM,163,0.200000,0.666667,0.307692,0.188530,0.200000,0.348702,3.000000
VSM,164,0.300000,0.375000,0.333333,0.321313,0.500000,0.426329,8.000000
VSM,165,0.200000,1.000000,0.333333,0.366667,0.333333,0.543771,2.000000
VSM,166,0.000000,0.000000,0.000000,0.022547,0.029412,0.000000,8.000000
VSM,167,0.200000,1.000000,0.333333,0.225000,0.250000,0.436526,2.000000
VSM,168,0.100000,0.500000,0.166667,0.166667,0.200000,0.237198,2.000000
VSM,169,0.200000,0.500000,0.285714,0.187195,0.200000,0.274171,4.000000
VSM,170,0.500000,0.833333,0.625000,0.604119,1.000000,0.800152,6.000000
VSM,171,0.300000,1.000000,0.461538,0.305556,0.250000,0.484871,3.000000
VSM,172,0.400000,1.000000,0.571429,0.770833,1.000000,0.881596,4.000000
VSM,173,0.200000,1.000000,0.333333,0.583333,0.500000,0.693426,2.000000
VSM,174,0.200000,0.400000,0.266667,0.184637,0.500000,0.408984,5.000000
VSM,175,0.200000,0.400000,0.266667,0.077313,0.111111,0.237817,5.000000
VSM,176,0.000000,0.000000,0.000000,0.036020,0.031250,0.000000,7.000000
VSM,177,0.500000,1.000000,0.666667,0.759524,1.000000,0.656602,5.000000
VSM,178,0.200000,0.500000,0.285714,0.500000,1.000000,0.925746,4.000000
VSM,179,0.200000,0.500000,0.285714,0.199514,0.333333,0.346210,4.000000
VSM,180,0.300000,0.428571,0.352941,0.496002,1.000000,0.353786,7.000000
VSM,181,0.100000,0.200000,0.133333,0.253234,1.000000,0.172721,5.000000
VSM,182,0.200000,1.000000,0.333333,0.583333,0.500000,0.649031,2.000000
VSM,183,0.800000,0.615385,0.695652,0.683781,1.000000,0.643335,13.000000
VSM,184,0.200000,0.285714,0.235294,0.202858,0.500000,0.272840,7.000000
VSM,185,0.600000,0.666667,0.631579,0.662765,1.000000,0.592641,9.000000
VSM,186,0.300000,0.187500,0.230769,0.216106,1.000000,0.437352,16.000000
VSM,187,0.200000,0.333333,0.250000,0.259328,0.500000,0.368718,6.000000
VSM,188,0.400000,0.363636,0.380952,0.439879,1.000000,0.522242,11.000000
VSM,189,0.100000,0.111111,0.105263,0.074165,0.125000,0.045752,9.000000
VSM,190,0.400000,0.800000,0.533333,0.719841,1.000000,0.655042,5.000000
VSM,191,0.300000,0.230769,0.260870,0.390568,0.333333,0.081237,13.000000
VSM,192,0.300000,0.750000,0.428571,0.500000,0.500000,0.609620,4.000000
VSM,193,0.700000,0.777778,0.736842,0.749867,1.000000,0.610708,9.000000
VSM,194,0.000000,0.000000,0.000000,0.075621,0.062500,0.000000,6.000000
VSM,195,0.000000,0.000000,0.000000,0.036159,0.043478,0.000000,3.000000
VSM,196,0.300000,0.250000,0.272727,0.122736,0.333333,0.176878,12.000000
VSM,197,0.200000,0.666667,0.307692,0.729167,1.000000,0.713621,3.000000
VSM,198,0.300000,0.750000,0.428571,0.497727,1.000000,0.701309,4.000000
VSM,199,0.100000,0.125000,0.111111,0.089940,0.125000,0.054228,8.000000
VSM,200,0.100000,0.333333,0.153846,0.178338,0.333333,0.234639,3.000000
VSM,201,0.300000,0.187500,0.230769,0.315455,1.000000,0.481677,16.000000
VSM,202,0.200000,0.142857,0.166667,0.122113,0.250000,0.037049,14.000000
VSM,203,0.100000,0.071429,0.083333,0.080799,0.333333,0.126908,14.000000
VSM,204,0.100000,0.071429,0.083333,0.046577,0.166667,0.154007,14.000000
VSM,205,0.100000,0.500000,0.166667,0.326923,0.500000,0.386853,2.000000
VSM,206,0.200000,0.666667,0.307692,0.245915,0.333333,0.480623,3.000000
VSM,207,0.300000,0.600000,0.400000,0.335127,1.000000,0.561284,5.000000
VSM,208,0.400000,0.666667,0.500000,0.514886,0.500000,0.647427,6.000000
VSM,209,0.100000,0.083333,0.090909,0.089767,0.142857,0.018172,12.000000
VSM,210,0.200000,0.333333,0.250000,0.335224,1.000000,0.643862,6.000000
VSM,211,0.100000,0.090909,0.095238,0.119270,0.125000,0.018596,11.000000
VSM,212,0.500000,0.357143,0.416667,0.457855,1.000000,0.562605,14.000000
VSM,213,0.500000,0.454545,0.476190,0.418564,0.500000,0.490758,11.000000
VSM,214,0.100000,0.250000,0.142857,0.172261,0.500000,0.246302,4.000000
VSM,215,0.000000,0.000000,0.000000,0.041888,0.062500,0.000000,2.000000
VSM,216,0.000000,0.000000,0.000000,0.002257,0.002257,0.000000,1.000000
VSM,217,0.500000,0.333333,0.400000,0.285838,0.500000,0.414520,15.000000
VSM,218,0.100000,0.066667,0.080000,0.144565,0.250000,0.032958,15.000000
VSM,219,0.000000,0.000000,0.000000,0.044594,0.076923,0.000000,18.000000
VSM,220,0.000000,0.000000,0.000000,0.082024,0.055556,0.000000,19.000000
VSM,221,0.200000,0.111111,0.142857,0.109032,0.250000,0.099083,18.000000
VSM,222,0.500000,0.555556,0.526316,0.632830,1.000000,0.569344,9.000000
VSM,223,0.200000,0.500000,0.285714,0.191071,0.250000,0.291279,4.000000
VSM,224,0.000000,0.000000,0.000000,0.079815,0.066667,0.000000,8.000000
VSM,225,0.200000,0.083333,0.117647,0.100727,1.000000,0.157982,24.000000
BM25,1,0.300000,0.107143,0.157895,0.226308,1.000000,0.266644,28.000000
BM25,2,0.500000,0.208333,0.294118,0.236277,1.000000,0.691931,24.000000
BM25,3,0.700000,0.875000,0.777778,0.655937,0.500000,0.740380,8.000000
BM25,4,0.100000,0.500000,0.166667,0.278571,0.500000,0.386853,2.000000
BM25,5,0.300000,0.750000,0.428571,0.327564,0.333333,0.463968,4.000000
BM25,6,0.100000,0.250000,0.142857,0.170884,0.500000,0.161987,4.000000
BM25,7,0.200000,0.400000,0.266667,0.156595,0.250000,0.203169,5.000000
BM25,8,0.100000,0.090909,0.095238,0.161005,1.000000,0.306046,11.000000
BM25,9,0.300000,1.000000,0.461538,0.805556,1.000000,0.906025,3.000000
BM25,10,0.100000,0.125000,0.111111,0.162080,0.500000,0.102958,8.000000
BM25,11,0.200000,0.285714,0.235294,0.186378,0.250000,0.181623,7.000000
BM25,12,0.200000,0.400000,0.266667,0.251722,0.500000,0.262219,5.000000
BM25,13,0.000000,0.000000,0.000000,0.007837,0.004808,0.000000,4.000000
BM25,14,0.200000,1.000000,0.333333,0.611111,1.000000,0.978894,2.000000
BM25,15,0.200000,1.000000,0.333333,1.000000,1.000000,0.737826,2.000000
BM25,16,0.100000,0.333333,0.153846,0.200654,0.500000,0.182125,3.000000
BM25,17,0.100000,0.500000,0.166667,0.078675,0.142857,0.262385,2.000000
BM25,18,0.100000,0.333333,0.153846,0.355899,1.000000,0.469279,3.000000
BM25,19,0.100000,0.111111,0.105263,0.055134,0.333333,0.174527,9.000000
BM25,20,0.600000,0.666667,0.631579,0.575377,0.500000,0.596676,9.000000
BM25,21,0.000000,0.000000,0.000000,0.049819,0.062500,0.000000,4.000000
BM25,22,0.000000,0.000000,0.000000,0.001647,0.001647,0.000000,1.000000
BM25,23,0.400000,0.125000,0.190476,0.216850,0.500000,0.306552,32.000000
BM25,24,0.200000,0.666667,0.307692,0.361111,0.500000,0.575329,3.000000
BM25,25,0.600000,0.666667,0.631579,0.703735,1.000000,0.690076,9.000000
BM25,26,0.200000,0.333333,0.250000,0.233164,0.500000,0.468875,6.000000
BM25,27,0.200000,0.666667,0.307692,0.147811,0.166667,0.305580,3.000000
BM25,28,0.000000,0.000000,0.000000,0.004870,0.003891,0.000000,2.000000
BM25,29,0.400000,0.444444,0.421053,0.440656,1.000000,0.413084,9.000000
BM25,30,0.100000,0.142857,0.117647,0.074265,0.200000,0.144263,7.000000
BM25,31,0.000000,0.000000,0.000000,0.000926,0.000926,0.000000,1.000000
BM25,32,0.200000,0.333333,0.250000,0.130538,0.333333,0.071360,6.000000
BM25,33,0.300000,1.000000,0.461538,0.638889,0.500000,0.683286,3.000000
BM25,34,0.200000,0.333333,0.250000,0.258598,0.333333,0.114082,6.000000
BM25,35,0.000000,0.000000,0.000000,0.025488,0.033333,0.000000,3.000000
BM25,36,0.100000,0.500000,0.166667,0.502571,1.000000,0.337352,2.000000
BM25,37,0.000000,0.000000,0.000000,0.085231,0.090909,0.000000,9.000000
BM25,38,0.000000,0.000000,0.000000,0.049499,0.071429,0.000000,10.000000
BM25,39,0.200000,0.153846,0.173913,0.133780,0.500000,0.257688,13.000000
BM25,40,0.200000,0.166667,0.181818,0.111848,0.333333,0.094404,12.000000
BM25,41,0.300000,1.000000,0.461538,0.791667,1.000000,0.863558,3.000000
BM25,42,0.300000,0.600000,0.400000,0.180336,0.166667,0.367790,5.000000
BM25,43,0.400000,0.666667,0.500000,0.570481,1.000000,0.863023,6.000000
BM25,44,0.000000,0.000000,0.000000,0.002488,0.001355,0.000000,3.000000
BM25,45,0.100000,0.083333,0.090909,0.200376,1.000000,0.347319,12.000000
BM25,46,0.600000,0.400000,0.480000,0.375794,1.000000,0.635566,15.000000
BM25,47,0.600000,0.428571,0.500000,0.382607,0.250000,0.380494,14.000000
BM25,48,0.300000,0.272727,0.285714,0.198075,0.500000,0.388889,11.000000
BM25,49,0.100000,0.500000,0.166667,0.100000,0.142857,0.275412,2.000000
BM25,50,0.100000,0.166667,0.125000,0.074068,0.333333,0.267375,6.000000
BM25,51,0.600000,0.600000,0.600000,0.541071,1.000000,0.449638,10.000000
BM25,52,0.400000,1.000000,0.571429,0.590278,0.500000,0.602904,4.000000
BM25,53,0.300000,0.300000,0.300000,0.268162,1.000000,0.277785,10.000000
BM25,54,0.100000,0.111111,0.105263,0.141287,0.500000,0.284377,9.000000
BM25,55,0.400000,0.400000,0.400000,0.312388,0.500000,0.289532,10.000000
BM25,56,0.200000,0.200000,0.200000,0.160972,0.500000,0.150168,10.000000
BM25,57,0.100000,0.071429,0.083333,0.083724,0.333333,0.256096,14.000000
BM25,58,0.100000,0.111111,0.105263,0.143386,0.111111,0.157517,9.000000
BM25,59,0.200000,0.500000,0.285714,0.371994,1.000000,0.356065,4.000000
BM25,60,0.300000,0.600000,0.400000,0.460342,1.000000,0.409554,5.000000
BM25,61,0.400000,0.800000,0.533333,0.555141,1.000000,0.711931,5.000000
BM25,62,0.000000,0.000000,0.000000,0.030686,0.076923,0.000000,5.000000
BM25,63,0.000000,0.000000,0.000000,0.050575,0.050000,0.000000,3.000000
BM25,64,0.100000,0.500000,0.166667,0.533333,1.000000,0.772538,2.000000
BM25,65,0.500000,0.333333,0.400000,0.226549,0.500000,0.383877,15.000000
BM25,66,0.100000,0.200000,0.133333,0.124364,0.333333,0.227730,5.000000
BM25,67,0.600000,0.428571,0.500000,0.493106,1.000000,0.584035,14.000000
BM25,68,0.100000,0.200000,0.133333,0.063280,0.200000,0.210813,5.000000
BM25,69,0.000000,0.000000,0.000000,0.038683,0.071429,0.000000,5.000000
BM25,70,0.100000,0.100000,0.100000,0.085286,0.200000,0.086519,10.000000
BM25,71,0.100000,0.125000,0.111111,0.051543,0.142857,0.129791,8.000000
BM25,72,0.200000,0.117647,0.148148,0.134256,1.000000,0.349636,17.000000
BM25,73,0.700000,0.350000,0.466667,0.366002,1.000000,0.701075,20.000000
BM25,74,0.100000,0.166667,0.125000,0.137267,0.111111,0.149551,6.000000
BM25,75,0.000000,0.000000,0.000000,0.028645,0.066667,0.000000,5.000000
BM25,76,0.200000,0.285714,0.235294,0.196733,0.500000,0.309260,7.000000
BM25,77,0.200000,0.333333,0.250000,0.348309,1.000000,0.173848,6.000000
BM25,78,0.300000,1.000000,0.461538,0.722222,1.000000,0.728257,3.000000
BM25,79,0.000000,0.000000,0.000000,0.052226,0.055556,0.000000,5.000000
BM25,80,0.000000,0.000000,0.000000,0.016219,0.026316,0.000000,4.000000
BM25,81,0.200000,1.000000,0.333333,0.750000,1.000000,0.477268,2.000000
BM25,82,0.300000,0.600000,0.400000,0.355161,1.000000,0.503050,5.000000
BM25,83,0.100000,0.250000,0.142857,0.106186,0.250000,0.168128,4.000000
BM25,84,0.300000,0.272727,0.285714,0.386956,1.000000,0.217713,11.000000
BM25,85,0.100000,0.250000,0.142857,0.262365,1.000000,0.135083,4.000000
BM25,86,0.200000,1.000000,0.333333,0.583333,0.500000,0.693426,2.000000
BM25,87,0.000000,0.000000,0.000000,0.011221,0.014706,0.000000,8.000000
BM25,88,0.600000,1.000000,0.750000,0.649603,0.500000,0.659825,6.000000
BM25,89,0.100000,0.166667,0.125000,0.178132,0.333333,0.248399,6.000000
BM25,90,0.300000,0.230769,0.260870,0.222505,0.500000,0.160789,13.000000
BM25,91,0.400000,0.444444,0.421053,0.362023,1.000000,0.588837,9.000000
BM25,92,0.600000,0.461538,0.521739,0.539937,1.000000,0.243369,13.000000
BM25,93,0.100000,1.000000,0.181818,0.500000,0.500000,0.630930,1.000000
BM25,94,0.600000,0.500000,0.545455,0.565274,1.000000,0.316847,12.000000
BM25,95,0.200000,1.000000,0.333333,0.392857,0.500000,0.360243,2.000000
BM25,96,0.600000,0.461538,0.521739,0.422931,0.500000,0.430768,13.000000
BM25,97,0.300000,0.300000,0.300000,0.204553,0.500000,0.256695,10.000000
BM25,98,0.000000,0.000000,0.000000,0.024645,0.045455,0.000000,5.000000
BM25,99,0.200000,0.500000,0.285714,0.237739,0.333333,0.436918,4.000000
BM25,100,0.300000,0.333333,0.315789,0.228829,0.500000,0.383296,9.000000
BM25,101,0.500000,0.833333,0.625000,0.745833,1.000000,0.820330,6.000000
BM25,102,0.200000,0.500000,0.285714,0.367438,1.000000,0.374757,4.000000
BM25,103,0.000000,0.000000,0.000000,0.028797,0.055556,0.000000,2.000000
BM25,104,0.100000,0.200000,0.133333,0.139964,0.333333,0.169580,5.000000
BM25,105,0.300000,0.600000,0.400000,0.448289,0.500000,0.570575,5.000000
BM25,106,0.300000,0.600000,0.400000,0.447427,1.000000,0.752046,5.000000
BM25,107,0.300000,0.428571,0.352941,0.287386,0.500000,0.331944,7.000000
BM25,108,0.500000,0.714286,0.588235,0.751391,1.000000,0.701823,7.000000
BM25,109,0.000000,0.000000,0.000000,0.037685,0.025641,0.000000,5.000000
BM25,110,0.100000,0.250000,0.142857,0.152579,0.500000,0.358556,4.000000
BM25,111,0.200000,0.285714,0.235294,0.260203,0.333333,0.125858,7.000000
BM25,112,0.100000,0.500000,0.166667,0.312500,0.500000,0.173765,2.000000
BM25,113,0.100000,0.250000,0.142857,0.148706,0.333333,0.195190,4.000000
BM25,114,0.100000,0.250000,0.142857,0.053835,0.142857,0.225139,4.000000
BM25,115,0.100000,0.250000,0.142857,0.057143,0.200000,0.202887,4.000000
BM25,116,0.100000,0.200000,0.133333,0.062038,0.250000,0.064371,5.000000
BM25,117,0.000000,0.000000,0.000000,0.036667,0.033333,0.000000,2.000000
BM25,118,0.200000,0.666667,0.307692,0.225595,0.250000,0.401749,3.000000
BM25,119,0.100000,1.000000,0.181818,1.000000,1.000000,1.000000,1.000000
BM25,120,0.400000,0.444444,0.421053,0.414418,0.500000,0.441284,9.000000
BM25,121,0.400000,0.571429,0.470588,0.502984,0.500000,0.477179,7.000000
BM25,122,0.400000,0.444444,0.421053,0.294554,0.333333,0.177992,9.000000
BM25,123,0.000000,0.000000,0.000000,0.092157,0.066667,0.000000,2.000000
BM25,124,0.000000,0.000000,0.000000,0.004299,0.006711,0.000000,4.000000
BM25,125,0.300000,0.176471,0.222222,0.263782,1.000000,0.409450,17.000000
BM25,126,0.200000,0.250000,0.222222,0.221938,1.000000,0.571145,8.000000
BM25,127,0.100000,0.200000,0.133333,0.106730,0.250000,0.094075,5.000000
BM25,128,0.000000,0.000000,0.000000,0.017064,0.026316,0.000000,2.000000
BM25,129,0.400000,0.571429,0.470588,0.398711,0.500000,0.547269,7.000000
BM25,130,0.400000,0.800000,0.533333,0.503663,1.000000,0.625108,5.000000
BM25,131,0.300000,0.375000,0.333333,0.318660,0.200000,0.125968,8.000000
BM25,132,0.700000,0.466667,0.560000,0.681328,1.000000,0.321632,15.000000
BM25,133,0.200000,0.285714,0.235294,0.258627,0.125000,0.270485,7.000000
BM25,134,0.100000,0.500000,0.166667,0.270000,0.500000,0.212845,2.000000
BM25,135,0.400000,0.500000,0.444444,0.622917,1.000000,0.130956,8.000000
BM25,136,0.100000,0.333333,0.153846,0.402778,1.000000,0.929891,3.000000
BM25,137,0.200000,0.500000,0.285714,0.194345,0.333333,0.213953,4.000000
BM25,138,0.100000,0.500000,0.166667,0.128571,0.200000,0.237198,2.000000
BM25,139,0.000000,0.000000,0.000000,0.008989,0.010309,0.000000,4.000000
BM25,140,0.200000,0.333333,0.250000,0.171085,0.500000,0.466779,6.000000
BM25,141,0.200000,0.333333,0.250000,0.138613,0.200000,0.224042,6.000000
BM25,142,0.000000,0.000000,0.000000,0.083333,0.083333,0.000000,1.000000
BM25,143,0.200000,1.000000,0.333333,0.666667,1.000000,0.831555,2.000000
BM25,144,0.400000,0.666667,0.500000,0.378932,0.333333,0.447888,6.000000
BM25,145,0.400000,0.571429,0.470588,0.256052,0.333333,0.439605,7.000000
BM25,146,0.200000,1.000000,0.333333,0.583333,0.500000,0.556024,2.000000
BM25,147,0.400000,0.400000,0.400000,0.270217,0.500000,0.430990,10.000000
BM25,148,0.200000,0.333333,0.250000,0.210468,0.500000,0.403046,6.000000
BM25,149,0.400000,0.363636,0.380952,0.380580,1.000000,0.465823,11.000000
BM25,150,0.200000,1.000000,0.333333,0.833333,1.000000,0.919721,2.000000
BM25,151,0.000000,0.000000,0.000000,0.029639,0.038462,0.000000,5.000000
BM25,152,0.000000,0.000000,0.000000,0.022119,0.047619,0.000000,6.000000
BM25,153,0.300000,0.428571,0.352941,0.333500,0.500000,0.292380,7.000000
BM25,154,0.200000,1.000000,0.333333,0.750000,1.000000,0.676361,2.000000
BM25,155,0.200000,0.333333,0.250000,0.172765,0.500000,0.093829,6.000000
BM25,156,0.700000,0.500000,0.583333,0.498233,1.000000,0.333226,14.000000
BM25,157,0.400000,0.102564,0.163265,0.331402,1.000000,0.402940,39.000000
BM25,158,0.300000,0.375000,0.333333,0.392334,1.000000,0.759835,8.000000
BM25,159,0.200000,0.250000,0.222222,0.073960,0.125000,0.118096,8.000000
BM25,160,0.100000,0.200000,0.133333,0.119716,0.500000,0.262511,5.000000
BM25,161,0.300000,0.500000,0.375000,0.531132,1.000000,0.797006,6.000000
BM25,162,0.200000,0.250000,0.222222,0.223919,0.500000,0.122379,8.000000
BM25,163,0.200000,0.666667,0.307692,0.242630,0.333333,0.401800,3.000000
BM25,164,0.400000,0.500000,0.444444,0.447632,1.000000,0.657976,8.000000
BM25,165,0.200000,1.000000,0.333333,0.583333,0.500000,0.693426,2.000000
BM25,166,0.100000,0.125000,0.111111,0.040064,0.111111,0.076143,8.000000
BM25,167,0.200000,1.000000,0.333333,0.750000,1.000000,0.932444,2.000000
BM25,168,0.100000,0.500000,0.166667,0.100840,0.142857,0.204382,2.000000
BM25,169,0.200000,0.500000,0.285714,0.291532,0.500000,0.414430,4.000000
BM25,170,0.400000,0.666667,0.500000,0.622828,1.000000,0.771291,6.000000
BM25,171,0.300000,1.000000,0.461538,0.638889,0.500000,0.657913,3.000000
BM25,172,0.400000,1.000000,0.571429,0.679167,0.500000,0.681856,4.000000
BM25,173,0.200000,1.000000,0.333333,1.000000,1.000000,1.000000,2.000000
BM25,174,0.100000,0.200000,0.133333,0.069189,0.166667,0.151082,5.000000
BM25,175,0.100000,0.200000,0.133333,0.054853,0.100000,0.116497,5.000000
BM25,176,0.100000,0.142857,0.117647,0.077150,0.142857,0.121991,7.000000
BM25,177,0.400000,0.800000,0.533333,0.672222,1.000000,0.868480,5.000000
BM25,178,0.200000,0.500000,0.285714,0.467262,1.000000,0.901543,4.000000
BM25,179,0.200000,0.500000,0.285714,0.339052,0.500000,0.441492,4.000000
BM25,180,0.300000,0.428571,0.352941,0.454569,0.500000,0.357459,7.000000
BM25,181,0.100000,0.200000,0.133333,0.259968,1.000000,0.172721,5.000000
BM25,182,0.200000,1.000000,0.333333,0.583333,0.500000,0.649031,2.000000
BM25,183,0.600000,0.461538,0.521739,0.613855,1.000000,0.576212,13.000000
BM25,184,0.300000,0.428571,0.352941,0.328068,1.000000,0.417643,7.000000
BM25,185,0.600000,0.666667,0.631579,0.824710,1.000000,0.819510,9.000000
BM25,186,0.400000,0.250000,0.307692,0.159857,0.333333,0.328062,16.000000
BM25,187,0.200000,0.333333,0.250000,0.194823,0.500000,0.247745,6.000000
BM25,188,0.500000,0.454545,0.476190,0.392900,1.000000,0.569342,11.000000
BM25,189,0.200000,0.222222,0.210526,0.125607,0.250000,0.110806,9.000000
BM25,190,0.200000,0.400000,0.266667,0.382814,1.000000,0.289408,5.000000
BM25,191,0.200000,0.153846,0.173913,0.363148,0.200000,0.057943,13.000000
BM25,192,0.300000,0.750000,0.428571,0.510417,0.500000,0.609620,4.000000
BM25,193,0.800000,0.888889,0.842105,0.831723,1.000000,0.852844,9.000000
BM25,194,0.100000,0.166667,0.125000,0.189754,0.250000,0.066435,6.000000
BM25,195,0.100000,0.333333,0.153846,0.103177,0.200000,0.181542,3.000000
BM25,196,0.300000,0.250000,0.272727,0.135249,0.500000,0.255401,12.000000
BM25,197,0.200000,0.666667,0.307692,0.614379,1.000000,0.625434,3.000000
BM25,198,0.300000,0.750000,0.428571,0.472222,1.000000,0.676257,4.000000
BM25,199,0.200000,0.250000,0.222222,0.108948,0.200000,0.116189,8.000000
BM25,200,0.200000,0.666667,0.307692,0.230409,0.333333,0.370291,3.000000
BM25,201,0.400000,0.250000,0.307692,0.331264,1.000000,0.601408,16.000000
BM25,202,0.300000,0.214286,0.250000,0.204144,0.500000,0.187876,14.000000
BM25,203,0.200000,0.142857,0.166667,0.140783,0.500000,0.269453,14.000000
BM25,204,0.000000,0.000000,0.000000,0.044248,0.062500,0.000000,14.000000
BM25,205,0.200000,1.000000,0.333333,0.700000,1.000000,0.850345,2.000000
BM25,206,0.200000,0.666667,0.307692,0.264093,0.500000,0.522575,3.000000
BM25,207,0.200000,0.400000,0.266667,0.197589,0.500000,0.364471,5.000000
BM25,208,0.600000,1.000000,0.750000,0.682937,0.500000,0.756145,6.000000
BM25,209,0.200000,0.166667,0.181818,0.141371,0.333333,0.098185,12.000000
BM25,210,0.200000,0.333333,0.250000,0.342266,1.000000,0.492365,6.000000
BM25,211,0.100000,0.090909,0.095238,0.136094,0.111111,0.124215,11.000000
BM25,212,0.600000,0.428571,0.500000,0.497536,1.000000,0.600365,14.000000
BM25,213,0.500000,0.454545,0.476190,0.581716,1.000000,0.551647,11.000000
BM25,214,0.100000,0.250000,0.142857,0.157475,0.500000,0.246302,4.000000
BM25,215,0.000000,0.000000,0.000000,0.048199,0.062500,0.000000,2.000000
BM25,216,0.000000,0.000000,0.000000,0.002604,0.002604,0.000000,1.000000
BM25,217,0.400000,0.266667,0.320000,0.304292,1.000000,0.401180,15.000000
BM25,218,0.300000,0.200000,0.240000,0.328299,1.000000,0.343452,15.000000
BM25,219,0.000000,0.000000,0.000000,0.037425,0.025641,0.000000,18.000000
BM25,220,0.300000,0.157895,0.206897,0.203047,1.000000,0.183698,19.000000
BM25,221,0.300000,0.166667,0.214286,0.237413,1.000000,0.273235,18.000000
BM25,222,0.600000,0.666667,0.631579,0.778951,1.000000,0.765397,9.000000
BM25,223,0.300000,0.750000,0.428571,0.461275,0.500000,0.592512,4.000000
BM25,224,0.100000,0.125000,0.111111,0.134549,0.166667,0.095162,8.000000
BM25,225,0.300000,0.125000,0.176471,0.087623,0.500000,0.131936,24.000000
