query_id,num_relevant,AP_b0,AP_b1,top10_overlap,top10_changed,delta_AP,abs_delta_AP
1,28,0.158866,0.226764,6,4,0.067898,0.067898
2,24,0.246384,0.224691,7,3,-0.021693,0.021693
3,8,0.598958,0.667346,8,2,0.068388,0.068388
4,2,0.273810,0.278571,8,2,0.004762,0.004762
5,4,0.489706,0.327201,8,2,-0.162505,0.162505
6,4,0.136818,0.166904,3,7,0.030086,0.030086
7,5,0.127042,0.159608,9,1,0.032566,0.032566
8,11,0.145426,0.119628,5,5,-0.025799,0.025799
9,3,0.476190,0.916667,7,3,0.440476,0.440476
10,8,0.108708,0.268937,6,4,0.160229,0.160229
11,7,0.146399,0.178261,3,7,0.031863,0.031863
12,5,0.211987,0.393354,6,4,0.181368,0.181368
13,4,0.007837,0.007837,9,1,0.000000,0.000000
14,2,0.547619,0.666667,5,5,0.119048,0.119048
15,2,0.750000,1.000000,7,3,0.250000,0.250000
16,3,0.118025,0.200158,7,3,0.082134,0.082134
17,2,0.027636,0.107092,4,6,0.079456,0.079456
18,3,0.352014,0.355216,7,3,0.003202,0.003202
19,9,0.054011,0.046751,5,5,-0.007260,0.007260
20,9,0.410574,0.583677,5,5,0.173103,0.173103
21,4,0.029276,0.062285,7,3,0.033010,0.033010
22,1,0.001647,0.001647,6,4,0.000000,0.000000
23,32,0.186955,0.223658,7,3,0.036703,0.036703
24,3,0.360360,0.303419,8,2,-0.056942,0.056942
25,9,0.711709,0.697012,8,2,-0.014697,0.014697
26,6,0.168946,0.179011,6,4,0.010065,0.010065
27,3,0.157778,0.142526,7,3,-0.015251,0.015251
28,2,0.003765,0.005313,6,4,0.001547,0.001547
29,9,0.284581,0.481607,6,4,0.197026,0.197026
30,7,0.117385,0.065697,8,2,-0.051688,0.051688
31,1,0.000895,0.000946,5,5,0.000051,0.000051
32,6,0.069790,0.158882,6,4,0.089092,0.089092
33,3,0.638889,0.638889,7,3,0.000000,0.000000
34,6,0.311596,0.235431,6,4,-0.076165,0.076165
35,3,0.032518,0.024021,6,4,-0.008497,0.008497
36,2,0.502347,0.502604,5,5,0.000257,0.000257
37,9,0.065483,0.092269,5,5,0.026786,0.026786
38,10,0.055353,0.048164,4,6,-0.007190,0.007190
39,13,0.151758,0.147162,6,4,-0.004596,0.004596
40,12,0.128288,0.094041,7,3,-0.034247,0.034247
41,3,0.777778,0.791667,8,2,0.013889,0.013889
42,5,0.125687,0.182061,8,2,0.056374,0.056374
43,6,0.397764,0.560670,6,4,0.162906,0.162906
44,3,0.002488,0.002488,8,2,0.000000,0.000000
45,12,0.195902,0.160492,6,4,-0.035410,0.035410
46,15,0.444158,0.359001,6,4,-0.085156,0.085156
47,14,0.413322,0.368140,7,3,-0.045181,0.045181
48,11,0.280341,0.190289,7,3,-0.090053,0.090053
49,2,0.024807,0.175000,7,3,0.150193,0.150193
50,6,0.021232,0.186290,5,5,0.165058,0.165058
51,10,0.383428,0.542965,6,4,0.159537,0.159537
52,4,0.241667,0.552778,6,4,0.311111,0.311111
53,10,0.286791,0.270172,6,4,-0.016619,0.016619
54,9,0.161942,0.132096,7,3,-0.029845,0.029845
55,10,0.179975,0.365627,8,2,0.185653,0.185653
56,10,0.136983,0.137438,7,3,0.000456,0.000456
57,14,0.089933,0.078526,7,3,-0.011407,0.011407
58,9,0.091855,0.147469,5,5,0.055614,0.055614
59,4,0.107764,0.331007,4,6,0.223243,0.223243
60,5,0.378236,0.475720,5,5,0.097484,0.097484
61,5,0.494427,0.474125,7,3,-0.020302,0.020302
62,5,0.021602,0.034015,8,2,0.012413,0.012413
63,3,0.053557,0.046796,6,4,-0.006761,0.006761
64,2,0.520833,0.532258,7,3,0.011425,0.011425
65,15,0.089044,0.242983,4,6,0.153939,0.153939
66,5,0.048461,0.141490,6,4,0.093029,0.093029
67,14,0.135599,0.545380,4,6,0.409781,0.409781
68,5,0.073524,0.054876,7,3,-0.018648,0.018648
69,5,0.042893,0.034794,4,6,-0.008099,0.008099
70,10,0.105996,0.073755,6,4,-0.032241,0.032241
71,8,0.170614,0.040879,5,5,-0.129735,0.129735
72,17,0.060478,0.118739,4,6,0.058262,0.058262
73,20,0.376250,0.343853,7,3,-0.032397,0.032397
74,6,0.192928,0.117874,5,5,-0.075054,0.075054
75,5,0.018688,0.032345,6,4,0.013657,0.013657
76,7,0.128479,0.200835,4,6,0.072356,0.072356
77,6,0.330765,0.297157,6,4,-0.033608,0.033608
78,3,0.791667,0.555556,9,1,-0.236111,0.236111
79,5,0.033142,0.059582,4,6,0.026440,0.026440
80,4,0.009073,0.019317,5,5,0.010244,0.010244
81,2,0.666667,0.500000,6,4,-0.166667,0.166667
82,5,0.139911,0.374897,7,3,0.234986,0.234986
83,4,0.139796,0.096246,6,4,-0.043550,0.043550
84,11,0.376010,0.394806,3,7,0.018796,0.018796
85,4,0.135954,0.262168,5,5,0.126213,0.126213
86,2,0.416667,0.583333,7,3,0.166667,0.166667
87,8,0.010271,0.011587,6,4,0.001316,0.001316
88,6,0.594048,0.649603,8,2,0.055556,0.055556
89,6,0.134891,0.172776,5,5,0.037885,0.037885
90,13,0.250347,0.214344,4,6,-0.036003,0.036003
91,9,0.369936,0.328778,6,4,-0.041158,0.041158
92,13,0.459362,0.521802,7,3,0.062440,0.062440
93,1,0.500000,0.500000,7,3,0.000000,0.000000
94,12,0.544481,0.541188,5,5,-0.003294,0.003294
95,2,0.350000,0.309524,7,3,-0.040476,0.040476
96,13,0.526040,0.403182,7,3,-0.122857,0.122857
97,10,0.216623,0.196170,7,3,-0.020454,0.020454
98,5,0.021811,0.025941,6,4,0.004130,0.004130
99,4,0.286549,0.246668,8,2,-0.039881,0.039881
100,9,0.317299,0.221339,9,1,-0.095960,0.095960
101,6,0.552381,0.758756,10,0,0.206375,0.206375
102,4,0.072675,0.425611,7,3,0.352937,0.352937
103,2,0.101019,0.026019,6,4,-0.075000,0.075000
104,5,0.139617,0.141689,6,4,0.002072,0.002072
105,5,0.453800,0.537800,7,3,0.083999,0.083999
106,5,0.390079,0.396061,6,4,0.005981,0.005981
107,7,0.242670,0.331783,6,4,0.089113,0.089113
108,7,0.702139,0.768707,9,1,0.066569,0.066569
109,5,0.032881,0.039427,8,2,0.006546,0.006546
110,4,0.030459,0.281462,4,6,0.251003,0.251003
111,7,0.202148,0.260288,7,3,0.058140,0.058140
112,2,0.350000,0.300000,5,5,-0.050000,0.050000
113,4,0.067068,0.360637,4,6,0.293569,0.293569
114,4,0.042428,0.067774,5,5,0.025345,0.025345
115,4,0.048753,0.037305,5,5,-0.011448,0.011448
116,5,0.051312,0.059718,7,3,0.008406,0.008406
117,2,0.028373,0.037650,6,4,0.009277,0.009277
118,3,0.182803,0.190199,7,3,0.007396,0.007396
119,1,0.500000,1.000000,7,3,0.500000,0.500000
120,9,0.335111,0.447518,6,4,0.112407,0.112407
121,7,0.444217,0.574230,9,1,0.130013,0.130013
122,9,0.149445,0.296567,7,3,0.147122,0.147122
123,2,0.077381,0.084967,5,5,0.007586,0.007586
124,4,0.003777,0.004481,2,8,0.000704,0.000704
125,17,0.255954,0.280796,7,3,0.024842,0.024842
126,8,0.264067,0.222352,9,1,-0.041715,0.041715
127,5,0.157765,0.095195,5,5,-0.062569,0.062569
128,2,0.015986,0.015885,7,3,-0.000101,0.000101
129,7,0.388922,0.382519,7,3,-0.006403,0.006403
130,5,0.478145,0.483906,8,2,0.005762,0.005762
131,8,0.296984,0.332986,6,4,0.036002,0.036002
132,15,0.692130,0.642198,6,4,-0.049932,0.049932
133,7,0.369832,0.246630,5,5,-0.123202,0.123202
134,2,0.511111,0.186667,6,4,-0.324444,0.324444
135,8,0.475748,0.665287,4,6,0.189539,0.189539
136,3,0.174357,0.403799,8,2,0.229442,0.229442
137,4,0.190093,0.206151,8,2,0.016058,0.016058
138,2,0.274390,0.102679,7,3,-0.171712,0.171712
139,4,0.008317,0.009547,7,3,0.001230,0.001230
140,6,0.114322,0.174333,8,2,0.060011,0.060011
141,6,0.112676,0.143521,6,4,0.030845,0.030845
142,1,0.055556,0.100000,5,5,0.044444,0.044444
143,2,0.600000,0.666667,5,5,0.066667,0.066667
144,6,0.281630,0.384834,5,5,0.103204,0.103204
145,7,0.140840,0.299117,6,4,0.158277,0.158277
146,2,0.333333,0.833333,9,1,0.500000,0.500000
147,10,0.299067,0.228827,5,5,-0.070240,0.070240
148,6,0.120274,0.294574,7,3,0.174300,0.174300
149,11,0.284309,0.388128,9,1,0.103819,0.103819
150,2,1.000000,0.833333,6,4,-0.166667,0.166667
151,5,0.023516,0.028582,5,5,0.005066,0.005066
152,6,0.015803,0.028171,3,7,0.012368,0.012368
153,7,0.317664,0.343785,6,4,0.026121,0.026121
154,2,0.750000,0.666667,6,4,-0.083333,0.083333
155,6,0.148363,0.273151,7,3,0.124788,0.124788
156,14,0.551006,0.478706,8,2,-0.072299,0.072299
157,39,0.275160,0.350862,4,6,0.075702,0.075702
158,8,0.274053,0.385503,5,5,0.111449,0.111449
159,8,0.064185,0.087375,8,2,0.023190,0.023190
160,5,0.218677,0.119778,7,3,-0.098899,0.098899
161,6,0.443993,0.533748,3,7,0.089755,0.089755
162,8,0.164384,0.216480,5,5,0.052096,0.052096
163,3,0.173280,0.264853,8,2,0.091572,0.091572
164,8,0.555665,0.414893,6,4,-0.140772,0.140772
165,2,0.375000,0.583333,5,5,0.208333,0.208333
166,8,0.039144,0.037623,7,3,-0.001521,0.001521
167,2,1.000000,0.500000,6,4,-0.500000,0.500000
168,2,0.060753,0.128788,8,2,0.068035,0.068035
169,4,0.221392,0.276706,7,3,0.055313,0.055313
170,6,0.413779,0.578020,7,3,0.164241,0.164241
171,3,0.500000,0.638889,7,3,0.138889,0.138889
172,4,0.608333,0.804167,8,2,0.195833,0.195833
173,2,1.000000,1.000000,7,3,0.000000,0.000000
174,5,0.040360,0.091185,6,4,0.050825,0.050825
175,5,0.040436,0.059654,7,3,0.019219,0.019219
176,7,0.040894,0.085010,5,5,0.044116,0.044116
177,5,0.624650,0.690909,9,1,0.066259,0.066259
178,4,0.638095,0.483824,5,5,-0.154272,0.154272
179,4,0.424528,0.334777,7,3,-0.089751,0.089751
180,7,0.396799,0.470378,7,3,0.073579,0.073579
181,5,0.247915,0.269319,6,4,0.021404,0.021404
182,2,0.833333,0.583333,8,2,-0.250000,0.250000
183,13,0.618994,0.634735,9,1,0.015740,0.015740
184,7,0.258639,0.341019,5,5,0.082381,0.082381
185,9,0.793874,0.808796,9,1,0.014923,0.014923
186,16,0.142334,0.173117,7,3,0.030783,0.030783
187,6,0.157863,0.156263,6,4,-0.001601,0.001601
188,11,0.320652,0.443372,8,2,0.122721,0.122721
189,9,0.123681,0.121904,7,3,-0.001777,0.001777
190,5,0.322096,0.442232,7,3,0.120136,0.120136
191,13,0.314206,0.356306,7,3,0.042100,0.042100
192,4,0.705357,0.514881,7,3,-0.190476,0.190476
193,9,0.785678,0.819478,7,3,0.033800,0.033800
194,6,0.220889,0.188394,7,3,-0.032496,0.032496
195,3,0.360526,0.098889,7,3,-0.261637,0.261637
196,12,0.058984,0.148757,3,7,0.089774,0.089774
197,3,0.611111,0.622222,8,2,0.011111,0.011111
198,4,0.383541,0.586842,6,4,0.203301,0.203301
199,8,0.098222,0.114999,6,4,0.016777,0.016777
200,3,0.276398,0.233822,5,5,-0.042576,0.042576
201,16,0.302540,0.299397,5,5,-0.003143,0.003143
202,14,0.248183,0.191622,6,4,-0.056561,0.056561
203,14,0.208891,0.126282,5,5,-0.082609,0.082609
204,14,0.037527,0.046772,7,3,0.009245,0.009245
205,2,0.666667,0.642857,7,3,-0.023810,0.023810
206,3,0.301808,0.180071,6,4,-0.121737,0.121737
207,5,0.122719,0.177185,8,2,0.054467,0.054467
208,6,0.660714,0.691667,8,2,0.030952,0.030952
209,12,0.118907,0.138542,7,3,0.019636,0.019636
210,6,0.353016,0.340002,6,4,-0.013014,0.013014
211,11,0.130743,0.139707,6,4,0.008964,0.008964
212,14,0.453281,0.498388,8,2,0.045107,0.045107
213,11,0.571692,0.542138,8,2,-0.029554,0.029554
214,4,0.107786,0.161479,7,3,0.053693,0.053693
215,2,0.033120,0.051843,6,4,0.018724,0.018724
216,1,0.002933,0.002451,4,6,-0.000482,0.000482
217,15,0.192034,0.329129,3,7,0.137094,0.137094
218,15,0.294696,0.259394,2,8,-0.035302,0.035302
219,18,0.038779,0.036386,5,5,-0.002393,0.002393
220,19,0.167024,0.196054,4,6,0.029029,0.029029
221,18,0.228667,0.223551,6,4,-0.005116,0.005116
222,9,0.810593,0.733199,8,2,-0.077394,0.077394
223,4,0.675595,0.432540,7,3,-0.243056,0.243056
224,8,0.129158,0.128410,8,2,-0.000747,0.000747
225,24,0.095047,0.090268,5,5,-0.004778,0.004778
