query_id,mean_length_relevant,mean_length_top10_VSM,mean_length_top10_BM25,delta_AP,num_relevant
1,89.071429,79.800000,82.000000,0.057296,28
2,96.083333,66.200000,106.200000,-0.017062,24
3,54.000000,56.800000,64.100000,0.022937,8
4,97.500000,81.100000,106.500000,-0.261429,2
5,132.000000,115.300000,111.000000,0.042743,4
6,106.750000,95.700000,112.800000,0.083627,4
7,90.600000,108.700000,124.900000,0.020471,5
8,95.545455,82.500000,101.700000,0.059856,11
9,54.666667,69.400000,75.200000,0.105556,3
10,52.375000,76.800000,87.600000,-0.023806,8
11,117.285714,87.800000,90.400000,0.069151,7
12,66.600000,74.900000,100.800000,-0.072705,5
13,73.250000,79.700000,85.100000,0.000000,4
14,68.500000,69.800000,118.300000,-0.138889,2
15,73.500000,74.400000,88.900000,0.375000,2
16,88.000000,78.300000,98.900000,0.022839,3
17,64.000000,85.000000,78.700000,-0.434483,2
18,133.000000,91.300000,124.500000,0.227487,3
19,95.555556,102.200000,115.200000,0.023685,9
20,75.111111,65.800000,72.100000,0.079496,9
21,70.750000,67.700000,89.900000,-0.047378,4
22,65.000000,85.200000,97.100000,0.000000,1
23,95.687500,91.200000,125.400000,-0.004508,32
24,96.666667,89.500000,89.800000,0.109955,3
25,120.444444,98.300000,114.100000,0.078016,9
26,86.333333,73.400000,80.800000,0.113203,6
27,71.666667,50.100000,64.800000,0.018098,3
28,52.000000,64.700000,93.000000,-0.000081,2
29,85.888889,69.100000,83.500000,-0.099745,9
30,96.714286,99.300000,113.300000,-0.034963,7
31,36.000000,91.800000,95.400000,-0.000073,1
32,64.166667,63.300000,77.200000,0.052380,6
33,99.333333,81.700000,93.500000,0.301587,3
34,95.500000,70.400000,85.200000,0.093499,6
35,116.666667,73.500000,96.000000,-0.003583,3
36,107.500000,81.500000,109.700000,0.438166,2
37,112.222222,74.700000,124.200000,0.003756,9
38,118.700000,82.900000,126.800000,0.012438,10
39,106.538462,128.800000,129.200000,-0.011835,13
40,130.666667,117.500000,137.500000,0.058245,12
41,163.000000,126.000000,136.800000,0.013889,3
42,67.000000,60.300000,88.200000,0.043809,5
43,70.666667,70.500000,77.800000,0.050032,6
44,52.000000,68.900000,88.900000,0.000000,3
45,122.250000,82.000000,100.300000,-0.013167,12
46,130.866667,85.500000,94.500000,0.079775,15
47,120.857143,87.700000,86.400000,0.063392,14
48,145.090909,96.800000,129.800000,0.013824,11
49,29.000000,76.000000,90.400000,-0.190000,2
50,88.333333,84.600000,114.600000,0.006005,6
51,100.300000,88.400000,119.100000,0.182764,10
52,53.750000,66.800000,74.800000,-0.013889,4
53,83.100000,58.600000,64.800000,-0.028028,10
54,143.333333,101.700000,119.700000,0.031108,9
55,72.400000,82.600000,113.200000,0.192178,10
56,109.600000,102.900000,130.700000,0.061315,10
57,112.071429,75.200000,100.100000,0.016217,14
58,86.444444,78.600000,84.000000,0.031294,9
59,99.250000,75.000000,86.700000,0.261987,4
60,64.400000,89.500000,79.900000,-0.109726,5
61,114.800000,99.500000,103.500000,0.089878,5
62,73.600000,101.500000,102.700000,0.006777,5
63,113.333333,64.200000,99.900000,0.020704,3
64,76.500000,108.400000,125.900000,-0.091667,2
65,56.866667,51.900000,68.700000,-0.151316,15
66,77.400000,87.600000,130.500000,-0.000708,5
67,56.928571,53.100000,79.300000,-0.045466,14
68,148.600000,96.400000,140.700000,-0.002955,5
69,106.800000,56.600000,115.400000,0.020881,5
70,112.600000,67.900000,115.500000,0.043934,10
71,170.250000,70.700000,88.600000,0.015536,8
72,95.588235,101.800000,149.300000,0.017395,17
73,127.300000,119.900000,134.100000,0.019858,20
74,137.666667,77.800000,121.400000,0.061388,6
75,67.200000,70.200000,102.400000,-0.036722,5
76,119.428571,73.000000,112.200000,0.014140,7
77,135.833333,138.000000,129.400000,0.006731,6
78,121.000000,81.300000,94.500000,0.133333,3
79,75.000000,68.100000,114.200000,-0.006559,5
80,44.500000,55.000000,93.600000,0.002759,4
81,95.000000,63.600000,85.800000,0.483333,2
82,99.000000,103.100000,97.600000,-0.069190,5
83,103.000000,63.500000,93.500000,-0.000553,4
84,121.363636,83.300000,111.300000,0.098570,11
85,112.500000,112.500000,132.500000,0.001097,4
86,80.500000,102.700000,94.500000,0.208333,2
87,89.750000,55.600000,142.200000,0.000202,8
88,73.333333,81.400000,90.000000,-0.192063,6
89,106.166667,87.300000,105.100000,0.046128,6
90,111.076923,72.700000,112.900000,0.068562,13
91,123.111111,81.600000,96.400000,0.180595,9
92,94.769231,95.700000,91.700000,-0.061494,13
93,68.000000,97.000000,95.700000,0.000000,1
94,112.583333,93.400000,99.600000,0.048856,12
95,156.000000,93.300000,123.400000,0.205357,2
96,119.307692,84.100000,98.500000,0.095748,13
97,100.100000,75.800000,103.700000,0.010482,10
98,102.200000,112.400000,173.300000,0.007431,5
99,111.500000,87.100000,97.100000,0.006349,4
100,101.222222,83.600000,99.100000,0.044809,9
101,89.166667,99.600000,110.200000,0.143188,6
102,49.750000,85.800000,100.600000,-0.086021,4
103,148.000000,53.400000,60.000000,-0.007937,2
104,68.800000,89.100000,101.100000,-0.035407,5
105,93.600000,57.500000,75.100000,-0.017239,5
106,95.600000,59.800000,91.100000,0.185884,5
107,67.000000,84.100000,91.500000,-0.029744,7
108,78.000000,64.600000,85.000000,-0.068677,7
109,82.600000,65.000000,82.400000,0.009355,5
110,38.500000,62.600000,90.500000,-0.122528,4
111,79.428571,82.400000,99.300000,-0.061028,7
112,137.000000,58.100000,76.000000,0.129167,2
113,72.000000,90.500000,104.500000,-0.365114,4
114,82.500000,89.000000,115.000000,-0.047237,4
115,123.250000,72.900000,77.800000,0.045213,4
116,103.200000,113.300000,141.100000,0.016835,5
117,82.500000,99.100000,115.800000,0.006520,2
118,82.666667,96.700000,111.100000,0.098815,3
119,80.000000,59.200000,85.500000,0.000000,1
120,73.444444,55.700000,75.000000,-0.028808,9
121,60.000000,52.500000,67.600000,-0.128514,7
122,61.111111,57.500000,64.000000,-0.018120,9
123,110.500000,76.600000,77.200000,0.027763,2
124,78.500000,63.100000,66.600000,0.000431,4
125,110.294118,80.300000,103.900000,0.061313,17
126,99.125000,85.800000,92.700000,0.058769,8
127,116.800000,66.100000,76.200000,0.043358,5
128,97.500000,74.000000,93.200000,0.005080,2
129,107.571429,83.100000,94.300000,-0.089452,7
130,105.200000,87.500000,108.800000,0.163663,5
131,75.375000,60.900000,74.500000,0.045823,8
132,72.400000,47.800000,62.600000,-0.005031,15
133,80.714286,48.500000,67.000000,0.033141,7
134,82.000000,55.100000,95.000000,-0.010303,2
135,67.750000,48.000000,65.100000,0.082505,8
136,64.333333,50.900000,87.400000,0.010417,3
137,60.750000,65.500000,78.100000,-0.016239,4
138,95.000000,66.200000,71.800000,0.008571,2
139,76.000000,75.900000,82.800000,-0.001310,4
140,84.000000,83.300000,89.900000,0.026735,6
141,84.000000,84.300000,89.200000,-0.033577,6
142,48.000000,76.700000,87.400000,-0.041667,1
143,89.500000,63.300000,96.800000,0.325758,2
144,50.166667,58.900000,71.100000,-0.185221,6
145,59.142857,64.400000,92.100000,-0.211190,7
146,33.000000,71.400000,78.800000,-0.166667,2
147,95.300000,46.800000,68.000000,-0.005145,10
148,68.666667,67.400000,107.400000,-0.239593,6
149,72.000000,65.100000,82.600000,0.050697,11
150,108.500000,94.100000,110.600000,0.000000,2
151,80.000000,106.100000,107.500000,-0.003146,5
152,106.333333,107.900000,133.500000,-0.003142,6
153,69.571429,68.200000,103.200000,0.065400,7
154,91.000000,69.200000,73.600000,0.333333,2
155,75.833333,86.300000,93.300000,-0.209126,6
156,91.357143,78.800000,93.700000,0.003106,14
157,99.179487,114.300000,136.200000,-0.002555,39
158,81.875000,68.500000,105.800000,0.073424,8
159,101.875000,99.000000,114.900000,-0.006003,8
160,98.800000,62.700000,75.800000,-0.005947,5
161,113.000000,100.900000,106.100000,0.008282,6
162,105.375000,96.800000,104.100000,0.053411,8
163,104.666667,103.600000,114.900000,0.054100,3
164,118.000000,67.100000,107.800000,0.126319,8
165,107.500000,94.600000,121.100000,0.216667,2
166,107.750000,91.200000,112.300000,0.017516,8
167,159.500000,94.700000,96.600000,0.525000,2
168,48.000000,85.900000,94.700000,-0.065826,2
169,72.500000,81.100000,83.400000,0.104337,4
170,62.500000,66.600000,95.200000,0.018709,6
171,99.333333,81.700000,109.600000,0.333333,3
172,62.750000,76.700000,83.000000,-0.091667,4
173,53.500000,72.500000,84.000000,0.416667,2
174,85.800000,73.800000,84.600000,-0.115448,5
175,85.400000,88.300000,103.400000,-0.022460,5
176,64.571429,71.200000,82.800000,0.041130,7
177,95.000000,105.500000,112.800000,-0.087302,5
178,99.250000,52.300000,69.500000,-0.032738,4
179,103.000000,67.700000,83.900000,0.139538,4
180,73.142857,91.400000,95.100000,-0.041432,7
181,105.000000,93.100000,112.600000,0.006735,5
182,150.000000,106.700000,129.400000,0.000000,2
183,94.769231,102.400000,104.700000,-0.069926,13
184,102.714286,64.300000,105.700000,0.125210,7
185,105.222222,87.700000,110.600000,0.161945,9
186,97.937500,86.400000,110.400000,-0.056249,16
187,53.500000,53.400000,65.700000,-0.064505,6
188,87.727273,90.600000,87.300000,-0.046979,11
189,97.333333,67.600000,93.700000,0.051442,9
190,57.000000,91.600000,102.700000,-0.337027,5
191,83.307692,91.000000,128.400000,-0.027420,13
192,73.500000,58.400000,75.200000,0.010417,4
193,94.555556,69.400000,83.300000,0.081856,9
194,89.000000,49.900000,63.200000,0.114132,6
195,101.666667,53.500000,73.300000,0.067018,3
196,87.833333,84.800000,84.900000,0.012512,12
197,62.666667,57.000000,83.200000,-0.114788,3
198,93.250000,71.200000,87.300000,-0.025505,4
199,76.500000,76.800000,77.700000,0.019008,8
200,110.666667,90.100000,100.500000,0.052071,3
201,125.750000,126.400000,144.600000,0.015809,16
202,89.071429,80.200000,125.600000,0.082031,14
203,97.642857,62.100000,86.500000,0.059984,14
204,95.785714,74.300000,102.300000,-0.002330,14
205,144.500000,98.700000,117.200000,0.373077,2
206,97.333333,72.100000,88.700000,0.018178,3
207,89.200000,87.100000,112.300000,-0.137538,5
208,138.333333,110.700000,131.400000,0.168050,6
209,104.333333,76.300000,137.300000,0.051604,12
210,66.000000,56.500000,80.600000,0.007042,6
211,65.454545,66.100000,87.000000,0.016824,11
212,69.642857,48.100000,51.800000,0.039681,14
213,73.363636,58.200000,58.200000,0.163152,11
214,79.750000,78.600000,97.500000,-0.014786,4
215,91.500000,81.400000,117.000000,0.006311,2
216,135.000000,81.400000,108.200000,0.000347,1
217,103.800000,59.600000,103.600000,0.018455,15
218,132.600000,66.700000,93.400000,0.183734,15
219,113.000000,84.900000,105.500000,-0.007169,18
220,109.842105,61.100000,112.700000,0.121023,19
221,110.000000,91.400000,129.300000,0.128382,18
222,81.555556,58.100000,65.300000,0.146121,9
223,110.250000,59.500000,75.300000,0.270203,4
224,136.375000,81.800000,121.700000,0.054734,8
225,103.291667,93.700000,118.800000,-0.013104,24
